<?xml version="1.0" encoding="utf-8"?>
<ServiceModelInstallationInfo xmlns:xsi="http://www.w3.org/2001/XMLSchema-instance" xmlns:xsd="http://www.w3.org/2001/XMLSchema">
  <Name>AOSService</Name>
  <Description />
  <InstallationDateTime>2020-04-09T23:50:34.8330956-07:00</InstallationDateTime>
  <InstallationInfoFilePath>d:\dbs\sh\rfs\0409_223652\cmd\d\Drop\retail\Services\AOSService\Scripts\InstallationInfo.xml</InstallationInfoFilePath>
  <Version>7.0.5644.16778</Version>
  <Publisher>Microsoft Corporation</Publisher>
  <GeneratedFromAXMetadata>false</GeneratedFromAXMetadata>
  <Configuration />
  <CustomName />
  <CustomVersion />
  <CustomDescription />
  <CustomPublisher />
  <ServiceModelGroup>Platform</ServiceModelGroup>
  <ReleaseVersion>Update35</ReleaseVersion>
  <ProductRegisteredName>Microsoft Dynamics 365 for Finance and Operations</ProductRegisteredName>
</ServiceModelInstallationInfo>